1f801000	EXP1_BASE_ADDR
1f801004	EXP2_BASE_ADDR
1f801008	EXP1_DELAY_SIZE
1f80100c	EXP3_DELAY_SIZE
1f801010	BIOS_ROM
1f801014	SPU_DELAY
1f801018	CDROM_DELAY
1f80101c	EXP2_DELAY_SIZE
1f801020	COMMON_DELAY
1f801040	JOY_MCD_DATA
1f801044	JOY_MCD_STAT
1f801048	JOY_MCD_MODE
1f80104a	JOY_MCD_CTRL
1f80104e	JOY_MCD_BAUD
1f801050	SIO_DATA
1f801054	SIO_STAT
1f801058	SIO_MODE
1f80105a	SIO_CTRL
1f80105c	SIO_MISC
1f80105e	SIO_BAUD
1f801060	RAM_SIZE
1f801070	I_STAT
1f801074	I_MASK
1f801080	DMA_MDEC_IN_MADR
1f801084	DMA_MDEC_IN_BCR
1f801088	DMA_MDEC_IN_CHCR
1f801090	DMA_MDEC_OUT_MADR
1f801094	DMA_MDEC_OUT_BCR
1f801098	DMA_MDEC_OUT_CHCR
1f8010a0	DMA_GPU_MADR
1f8010a4	DMA_GPU_BCR
1f8010a8	DMA_GPU_CHCR
1f8010b0	DMA_CDROM_MADR
1f8010b4	DMA_CDROM_BCR
1f8010b8	DMA_CDROM_CHCR
1f8010c0	DMA_SPU_MADR
1f8010c4	DMA_SPU_BCR
1f8010c8	DMA_SPU_CHCR
1f8010d0	DMA_PIO_MADR
1f8010d4	DMA_PIO_BCR
1f8010d8	DMA_PIO_CHCR
1f8010e0	DMA_OTC_MADR
1f8010e4	DMA_OTC_BCR
1f8010e8	DMA_OTC_CHCR
1f8010f0	DMA_DPCR
1f8010f4	DMA_DICR
1f801100	TMR_DOTCLOCK_VAL
1f801104	TMR_DOTCLOCK_MODE
1f801108	TMR_DOTCLOCK_MAX
1f801110	TMR_HRETRACE_VAL
1f801114	TMR_HRETRACE_MODE
1f801118	TMR_HRETRACE_MAX
1f801120	TMR_SYSCLOCK_VAL
1f801124	TMR_SYSCLOCK_MODE
1f801128	TMR_SYSCLOCK_MAX
1f801800	CDROM_REG0
1f801801	CDROM_REG1
1f801802	CDROM_REG2
1f801803	CDROM_REG3
1f801810	GPU_REG0
1f801814	GPU_REG1
1f801820	MDEC_REG0
1f801824	MDEC_REG1
1f801c00	VOICE_00_LEFT_RIGHT
1f801c04	VOICE_00_ADPCM_SAMPLE_RATE
1f801c06	VOICE_00_ADPCM_START_ADDR
1f801c08	VOICE_00_ADSR_ATT_DEC_SUS_REL
1f801c0c	VOICE_00_ADSR_CURR_VOLUME
1f801c0e	VOICE_00_ADPCM_REPEAT_ADDR
1f801c10	VOICE_01_LEFT_RIGHT
1f801c14	VOICE_01_ADPCM_SAMPLE_RATE
1f801c16	VOICE_01_ADPCM_START_ADDR
1f801c18	VOICE_01_ADSR_ATT_DEC_SUS_REL
1f801c1c	VOICE_01_ADSR_CURR_VOLUME
1f801c1e	VOICE_01_ADPCM_REPEAT_ADDR
1f801c20	VOICE_02_LEFT_RIGHT
1f801c24	VOICE_02_ADPCM_SAMPLE_RATE
1f801c26	VOICE_02_ADPCM_START_ADDR
1f801c28	VOICE_02_ADSR_ATT_DEC_SUS_REL
1f801c2c	VOICE_02_ADSR_CURR_VOLUME
1f801c2e	VOICE_02_ADPCM_REPEAT_ADDR
1f801c30	VOICE_03_LEFT_RIGHT
1f801c34	VOICE_03_ADPCM_SAMPLE_RATE
1f801c36	VOICE_03_ADPCM_START_ADDR
1f801c38	VOICE_03_ADSR_ATT_DEC_SUS_REL
1f801c3c	VOICE_03_ADSR_CURR_VOLUME
1f801c3e	VOICE_03_ADPCM_REPEAT_ADDR
1f801c40	VOICE_04_LEFT_RIGHT
1f801c44	VOICE_04_ADPCM_SAMPLE_RATE
1f801c46	VOICE_04_ADPCM_START_ADDR
1f801c48	VOICE_04_ADSR_ATT_DEC_SUS_REL
1f801c4c	VOICE_04_ADSR_CURR_VOLUME
1f801c4e	VOICE_04_ADPCM_REPEAT_ADDR
1f801c50	VOICE_05_LEFT_RIGHT
1f801c54	VOICE_05_ADPCM_SAMPLE_RATE
1f801c56	VOICE_05_ADPCM_START_ADDR
1f801c58	VOICE_05_ADSR_ATT_DEC_SUS_REL
1f801c5c	VOICE_05_ADSR_CURR_VOLUME
1f801c5e	VOICE_05_ADPCM_REPEAT_ADDR
1f801c60	VOICE_06_LEFT_RIGHT
1f801c64	VOICE_06_ADPCM_SAMPLE_RATE
1f801c66	VOICE_06_ADPCM_START_ADDR
1f801c68	VOICE_06_ADSR_ATT_DEC_SUS_REL
1f801c6c	VOICE_06_ADSR_CURR_VOLUME
1f801c6e	VOICE_06_ADPCM_REPEAT_ADDR
1f801c70	VOICE_07_LEFT_RIGHT
1f801c74	VOICE_07_ADPCM_SAMPLE_RATE
1f801c76	VOICE_07_ADPCM_START_ADDR
1f801c78	VOICE_07_ADSR_ATT_DEC_SUS_REL
1f801c7c	VOICE_07_ADSR_CURR_VOLUME
1f801c7e	VOICE_07_ADPCM_REPEAT_ADDR
1f801c80	VOICE_08_LEFT_RIGHT
1f801c84	VOICE_08_ADPCM_SAMPLE_RATE
1f801c86	VOICE_08_ADPCM_START_ADDR
1f801c88	VOICE_08_ADSR_ATT_DEC_SUS_REL
1f801c8c	VOICE_08_ADSR_CURR_VOLUME
1f801c8e	VOICE_08_ADPCM_REPEAT_ADDR
1f801c90	VOICE_09_LEFT_RIGHT
1f801c94	VOICE_09_ADPCM_SAMPLE_RATE
1f801c96	VOICE_09_ADPCM_START_ADDR
1f801c98	VOICE_09_ADSR_ATT_DEC_SUS_REL
1f801c9c	VOICE_09_ADSR_CURR_VOLUME
1f801c9e	VOICE_09_ADPCM_REPEAT_ADDR
1f801ca0	VOICE_0a_LEFT_RIGHT
1f801ca4	VOICE_0a_ADPCM_SAMPLE_RATE
1f801ca6	VOICE_0a_ADPCM_START_ADDR
1f801ca8	VOICE_0a_ADSR_ATT_DEC_SUS_REL
1f801cac	VOICE_0a_ADSR_CURR_VOLUME
1f801cae	VOICE_0a_ADPCM_REPEAT_ADDR
1f801cb0	VOICE_0b_LEFT_RIGHT
1f801cb4	VOICE_0b_ADPCM_SAMPLE_RATE
1f801cb6	VOICE_0b_ADPCM_START_ADDR
1f801cb8	VOICE_0b_ADSR_ATT_DEC_SUS_REL
1f801cbc	VOICE_0b_ADSR_CURR_VOLUME
1f801cbe	VOICE_0b_ADPCM_REPEAT_ADDR
1f801cc0	VOICE_0c_LEFT_RIGHT
1f801cc4	VOICE_0c_ADPCM_SAMPLE_RATE
1f801cc6	VOICE_0c_ADPCM_START_ADDR
1f801cc8	VOICE_0c_ADSR_ATT_DEC_SUS_REL
1f801ccc	VOICE_0c_ADSR_CURR_VOLUME
1f801cce	VOICE_0c_ADPCM_REPEAT_ADDR
1f801cd0	VOICE_0d_LEFT_RIGHT
1f801cd4	VOICE_0d_ADPCM_SAMPLE_RATE
1f801cd6	VOICE_0d_ADPCM_START_ADDR
1f801cd8	VOICE_0d_ADSR_ATT_DEC_SUS_REL
1f801cdc	VOICE_0d_ADSR_CURR_VOLUME
1f801cde	VOICE_0d_ADPCM_REPEAT_ADDR
1f801ce0	VOICE_0e_LEFT_RIGHT
1f801ce4	VOICE_0e_ADPCM_SAMPLE_RATE
1f801ce6	VOICE_0e_ADPCM_START_ADDR
1f801ce8	VOICE_0e_ADSR_ATT_DEC_SUS_REL
1f801cec	VOICE_0e_ADSR_CURR_VOLUME
1f801cee	VOICE_0e_ADPCM_REPEAT_ADDR
1f801cf0	VOICE_0f_LEFT_RIGHT
1f801cf4	VOICE_0f_ADPCM_SAMPLE_RATE
1f801cf6	VOICE_0f_ADPCM_START_ADDR
1f801cf8	VOICE_0f_ADSR_ATT_DEC_SUS_REL
1f801cfc	VOICE_0f_ADSR_CURR_VOLUME
1f801cfe	VOICE_0f_ADPCM_REPEAT_ADDR
1f801d00	VOICE_10_LEFT_RIGHT
1f801d04	VOICE_10_ADPCM_SAMPLE_RATE
1f801d06	VOICE_10_ADPCM_START_ADDR
1f801d08	VOICE_10_ADSR_ATT_DEC_SUS_REL
1f801d0c	VOICE_10_ADSR_CURR_VOLUME
1f801d0e	VOICE_10_ADPCM_REPEAT_ADDR
1f801d10	VOICE_11_LEFT_RIGHT
1f801d14	VOICE_11_ADPCM_SAMPLE_RATE
1f801d16	VOICE_11_ADPCM_START_ADDR
1f801d18	VOICE_11_ADSR_ATT_DEC_SUS_REL
1f801d1c	VOICE_11_ADSR_CURR_VOLUME
1f801d1e	VOICE_11_ADPCM_REPEAT_ADDR
1f801d20	VOICE_12_LEFT_RIGHT
1f801d24	VOICE_12_ADPCM_SAMPLE_RATE
1f801d26	VOICE_12_ADPCM_START_ADDR
1f801d28	VOICE_12_ADSR_ATT_DEC_SUS_REL
1f801d2c	VOICE_12_ADSR_CURR_VOLUME
1f801d2e	VOICE_12_ADPCM_REPEAT_ADDR
1f801d30	VOICE_13_LEFT_RIGHT
1f801d34	VOICE_13_ADPCM_SAMPLE_RATE
1f801d36	VOICE_13_ADPCM_START_ADDR
1f801d38	VOICE_13_ADSR_ATT_DEC_SUS_REL
1f801d3c	VOICE_13_ADSR_CURR_VOLUME
1f801d3e	VOICE_13_ADPCM_REPEAT_ADDR
1f801d40	VOICE_14_LEFT_RIGHT
1f801d44	VOICE_14_ADPCM_SAMPLE_RATE
1f801d46	VOICE_14_ADPCM_START_ADDR
1f801d48	VOICE_14_ADSR_ATT_DEC_SUS_REL
1f801d4c	VOICE_14_ADSR_CURR_VOLUME
1f801d4e	VOICE_14_ADPCM_REPEAT_ADDR
1f801d50	VOICE_15_LEFT_RIGHT
1f801d54	VOICE_15_ADPCM_SAMPLE_RATE
1f801d56	VOICE_15_ADPCM_START_ADDR
1f801d58	VOICE_15_ADSR_ATT_DEC_SUS_REL
1f801d5c	VOICE_15_ADSR_CURR_VOLUME
1f801d5e	VOICE_15_ADPCM_REPEAT_ADDR
1f801d60	VOICE_16_LEFT_RIGHT
1f801d64	VOICE_16_ADPCM_SAMPLE_RATE
1f801d66	VOICE_16_ADPCM_START_ADDR
1f801d68	VOICE_16_ADSR_ATT_DEC_SUS_REL
1f801d6c	VOICE_16_ADSR_CURR_VOLUME
1f801d6e	VOICE_16_ADPCM_REPEAT_ADDR
1f801d70	VOICE_17_LEFT_RIGHT
1f801d74	VOICE_17_ADPCM_SAMPLE_RATE
1f801d76	VOICE_17_ADPCM_START_ADDR
1f801d78	VOICE_17_ADSR_ATT_DEC_SUS_REL
1f801d7c	VOICE_17_ADSR_CURR_VOLUME
1f801d7e	VOICE_17_ADPCM_REPEAT_ADDR
1f801d80	SPU_MAIN_VOL_L
1f801d82	SPU_MAIN_VOL_R
1f801d84	SPU_REVERB_OUT_L
1f801d86	SPU_REVERB_OUT_R
1f801d88	SPU_VOICE_KEY_ON
1f801d8c	SPU_VOICE_KEY_OFF
1f801d90	SPU_VOICE_CHN_FM_MODE
1f801d94	SPU_VOICE_CHN_NOISE_MODE
1f801d98	SPU_VOICE_CHN_REVERB_MODE
1f801d9c	SPU_VOICE_CHN_ON_OFF_STATUS
1f801da0	SPU_UNKN_1DA0
1f801da2	SOUND_RAM_REVERB_WORK_ADDR
1f801da4	SOUND_RAM_IRQ_ADDR
1f801da6	SOUND_RAM_DATA_TRANSFER_ADDR
1f801da8	SOUND_RAM_DATA_TRANSFER_FIFO
1f801daa	SPU_CTRL_REG_CPUCNT
1f801dac	SOUND_RAM_DATA_TRANSTER_CTRL
1f801dae	SPU_STATUS_REG_SPUSTAT
1f801db0	CD_VOL_L
1f801db2	CD_VOL_R
1f801db4	EXT_VOL_L
1f801db6	EXT_VOL_R
1f801db8	CURR_MAIN_VOL_L
1f801dba	CURR_MAIN_VOL_R
1f801dbc	SPU_UNKN_1DBC
800102ec	switchdataD_800102ec
80010324	switchdataD_80010324
8001037c	switchdataD_8001037c
800103ac	switchdataD_800103ac
800103dc	switchdataD_800103dc
800103fc	switchdataD_800103fc
8001042c	switchdataD_8001042c
8001045c	switchdataD_8001045c
80010474	switchdataD_80010474
800104fc	switchdataD_800104fc
8001052c	switchdataD_8001052c
8001054c	switchdataD_8001054c
8001057c	switchdataD_8001057c
800105e4	switchdataD_800105e4
80010624	switchdataD_80010624
8001063c	switchdataD_8001063c
80010654	switchdataD_80010654
80010840	switchdataD_80010840
80010908	switchdataD_80010908
80010a9c	switchdataD_80010a9c
80010ac4	switchdataD_80010ac4
80010af8	StageConfig
80010ec0	switchdataD_80010ec0
80010fb0	switchdataD_80010fb0
80010fc8	switchdataD_80010fc8
80011838	switchdataD_80011838
80011858	switchdataD_80011858
800118f4	switchdataD_800118f4
80011940	switchdataD_80011940
80011cf8	switchdataD_80011cf8
80011d20	switchdataD_80011d20
800125f8	switchdataD_800125f8
80012978	switchdataD_80012978
80012a28	switchdataD_80012a28
80012ac8	switchdataD_80012ac8
80012b48	switchdataD_80012b48
80012bb8	switchdataD_80012bb8
80012bd8	switchdataD_80012bd8
80012bf8	switchdataD_80012bf8
80012c18	switchdataD_80012c18
80012c60	switchdataD_80012c60
80012de0	switchdataD_80012de0
80012ea0	switchdataD_80012ea0
80013218	switchdataD_80013218
80013330	switchdataD_80013330
800134a8	switchdataD_800134a8
80013528	switchdataD_80013528
800135d8	switchdataD_800135d8
80014708	DEAD_80014708
80014b0c	DEAD_80014b0c
80015124	DEAD_80015124
80015848	DEAD_80015848
80015d68	DEAD_80015d68
800162a8	DEAD_800162a8
80016444	DEAD_80016444
80016480	DEAD_80016480
800165a4	DEAD_800165a4
80016700	DEAD_80016700
80016d04	DepthPoint
80016d08	SlightPoint
80016d0c	DrawTMDmode
80016d10	XXXSetDQA_DQB
80016dc8	DEAD_80016dc8
80016ef0	DEAD_80016ef0
80017048	DEAD_80017048
80017190	DEAD_80017190
80017318	DEAD_80017318
80017458	DEAD_80017458
800175c8	DEAD_800175c8
80017734	DEAD_80017734
800178e0	DEAD_800178e0
80017a24	DEAD_80017a24
80017b98	DEAD_80017b98
80017d10	DEAD_80017d10
80017ec8	DEAD_80017ec8
80018024	DEAD_80018024
800181b0	DEAD_800181b0
8001834c	DEAD_8001834c
8001bcc4	caseD_0
8001bcc4	caseD_6
8001bcc4	caseD_7
8001bcc4	caseD_9
8001bcc4	caseD_c
8001bcc4	caseD_d
8001bd00	switchD
8001bd08	caseD_1
8001bd08	caseD_2
8001bd08	caseD_3
8001bd08	caseD_4
8001bd08	caseD_5
8001bd08	caseD_8
8001bd08	caseD_a
8001bd08	caseD_b
8001c9cc	switchD
8001c9d4	caseD_1
8001c9e0	caseD_0
8001c9e0	caseD_13
8001ca54	caseD_12
8001cac4	caseD_14
8001caf0	caseD_3
8001caf0	caseD_5
8001cbe0	caseD_10
8001cbe0	caseD_11
8001cbe0	caseD_15
8001cbe0	caseD_2
8001cbe0	caseD_4
8001cbe0	caseD_6
8001cbe0	caseD_7
8001cbe0	caseD_8
8001cbe0	caseD_9
8001cbe0	caseD_a
8001cbe0	caseD_b
8001cbe0	caseD_c
8001cbe0	caseD_d
8001cbe0	caseD_e
8001cbe0	caseD_f
8001e3ac	DEAD_8001e3ac
8001e440	DEAD_8001e440
8001e4e8	DEAD_8001e4e8
8001e5b8	DEAD_8001e5b8
8001e5f4	switchD
8001e5fc	caseD_2
8001e604	caseD_1
8001e60c	caseD_3
8001e614	caseD_6
8001e61c	caseD_5
8001e624	caseD_7
8001e63c	caseD_0
8001e63c	caseD_b
8001e658	caseD_4
8001e658	caseD_8
8001e658	caseD_9
8001e658	caseD_a
8001e67c	DEAD_8001e67c
8001e980	switchD
8001e988	caseD_2
8001e990	caseD_1
8001e998	caseD_3
8001e9a0	caseD_6
8001e9a8	caseD_5
8001e9b0	caseD_7
8001e9b8	caseD_0
8001e9b8	caseD_b
8001e9d4	caseD_4
8001e9d4	caseD_8
8001e9d4	caseD_9
8001e9d4	caseD_a
8001ea48	DEAD_8001ea48
8001ea8c	switchD
8001ea94	caseD_1
8001eb04	caseD_4
8001eb04	caseD_5
8001eba4	caseD_0
8001ec88	caseD_6
8001ecdc	caseD_2
8001ecdc	caseD_3
8001ed6c	DEAD_8001ed6c
8001efa8	switchD
8001efb0	caseD_2
8001efb8	caseD_1
8001efc0	caseD_3
8001efc8	caseD_6
8001efd0	caseD_5
8001efd8	caseD_7
8001efe0	caseD_0
8001efe0	caseD_b
8001effc	caseD_4
8001effc	caseD_8
8001effc	caseD_9
8001effc	caseD_a
8001f058	DEAD_8001f058
8001f4a0	switchD
8001f4a8	caseD_2
8001f4b0	caseD_1
8001f4b8	caseD_3
8001f4c0	caseD_6
8001f4c8	caseD_5
8001f4d0	caseD_7
8001f4e8	caseD_0
8001f4e8	caseD_b
8001f504	caseD_4
8001f504	caseD_8
8001f504	caseD_9
8001f504	caseD_a
8001f530	DEAD_8001f530
8001fcc8	DEAD_8001fcc8
8001fd0c	switchD
8001fd14	caseD_1
8001fdf8	caseD_4
8001fe38	caseD_5
8001fe90	caseD_0
8001ff68	caseD_3
8001ff98	caseD_2
8001ffc8	caseD_6
80020028	switchD
80020030	caseD_0
80020038	caseD_20
80020040	caseD_1
80020048	caseD_3
80020050	caseD_2
800200bc	switchD
800200c4	caseD_2
800200cc	caseD_1
800200d4	caseD_3
800200dc	caseD_6
800200e4	caseD_5
800200ec	caseD_7
800200f4	caseD_0
800200f4	caseD_b
80020110	caseD_4
80020110	caseD_8
80020110	caseD_9
80020110	caseD_a
80020188	caseD_10
80020188	caseD_11
80020188	caseD_12
80020188	caseD_13
80020188	caseD_14
80020188	caseD_15
80020188	caseD_16
80020188	caseD_17
80020188	caseD_18
80020188	caseD_19
80020188	caseD_1a
80020188	caseD_1b
80020188	caseD_1c
80020188	caseD_1d
80020188	caseD_1e
80020188	caseD_1f
80020188	caseD_4
80020188	caseD_5
80020188	caseD_6
80020188	caseD_7
80020188	caseD_8
80020188	caseD_9
80020188	caseD_a
80020188	caseD_b
80020188	caseD_c
80020188	caseD_d
80020188	caseD_e
80020188	caseD_f
8002019c	DEAD_8002019c
800201fc	switchD
80020204	caseD_0
8002040c	caseD_2
80020510	caseD_7
8002054c	caseD_4
8002054c	caseD_5
8002054c	caseD_6
800205a8	caseD_1
800205a8	caseD_3
80020644	switchD
8002064c	caseD_2
80020654	caseD_1
8002065c	caseD_3
80020664	caseD_6
8002066c	caseD_5
80020674	caseD_7
8002068c	caseD_0
8002068c	caseD_b
800206a8	caseD_4
800206a8	caseD_8
800206a8	caseD_9
800206a8	caseD_a
800206ec	DEAD_800206ec
80020880	switchD
80020888	caseD_0
80020ba8	caseD_1
80020c38	caseD_4
80020cdc	caseD_6
80020e2c	caseD_9
80021040	caseD_f
800210d0	caseD_10
80021310	caseD_13
8002134c	caseD_14
8002134c	caseD_15
8002134c	caseD_16
8002134c	caseD_17
8002134c	caseD_18
8002134c	caseD_19
80021470	caseD_11
80021470	caseD_12
80021470	caseD_2
80021470	caseD_3
80021470	caseD_5
80021470	caseD_7
80021470	caseD_8
80021470	caseD_a
80021470	caseD_b
80021470	caseD_c
80021470	caseD_d
80021470	caseD_e
80021c98	DEAD_80021c98
80021cdc	switchD
80021ce4	caseD_d
80021f60	caseD_e
80022154	caseD_2
80022348	caseD_3
80022348	caseD_4
80022348	caseD_5
80022448	caseD_0
80022524	caseD_f
800225a0	caseD_1
800225a0	caseD_6
800225a0	caseD_7
800225a0	caseD_8
800225a0	caseD_9
800225a0	caseD_a
800225a0	caseD_b
800225a0	caseD_c
800225b4	DEAD_800225b4
80022b68	DEAD_80022b68
80022bb4	switchD
80022bbc	caseD_0
80022c68	caseD_2
80022c68	caseD_3
80022cd8	caseD_4
80022db0	caseD_1
80022de4	caseD_5
80022e28	DEAD_80022e28
80022e88	switchD
80022e90	caseD_0
80022f08	caseD_1
80022f38	caseD_2
80022f80	caseD_3
80022fe0	caseD_4
80023380	DEAD_80023380
80023a70	DEAD_80023a70
80023a78	DEAD_80023a78
80023d38	DEAD_80023d38
80023f5c	DEAD_80023f5c
80023fa0	switchD
80023fa8	caseD_0
8002402c	caseD_1
800240e8	caseD_2
800240e8	caseD_3
80024178	caseD_4
800241dc	caseD_6
80024258	caseD_5
80024258	caseD_7
800242c8	caseD_8
800243d0	DEAD_800243d0
800260a0	DEAD_800260a0
80026e28	switchD
80026e30	caseD_1
80026e30	caseD_2
80026e4c	caseD_3
80026e64	caseD_5
80026e64	caseD_7
80026e88	caseD_4
80026ebc	caseD_a
80026eec	caseD_20
80026f1c	caseD_12
80026f38	caseD_10
80026f38	caseD_11
80026f38	caseD_22
80026f38	caseD_23
80026f38	caseD_24
80026f38	caseD_25
80026f38	caseD_26
80026f38	caseD_27
80026f38	caseD_28
80026f38	caseD_29
80026f38	caseD_9
80026f50	caseD_14
80026f84	caseD_2a
80026fd4	caseD_16
80026fd4	caseD_19
80026fd4	caseD_1c
800270b4	caseD_13
800270c8	caseD_30
800270c8	caseD_31
800270e0	caseD_32
80027134	caseD_15
80027134	caseD_17
80027134	caseD_18
80027134	caseD_1a
80027134	caseD_1b
80027134	caseD_1d
80027134	caseD_1e
80027134	caseD_1f
80027134	caseD_21
80027134	caseD_2b
80027134	caseD_2c
80027134	caseD_2d
80027134	caseD_2e
80027134	caseD_2f
80027134	caseD_6
80027134	caseD_8
80027134	caseD_b
80027134	caseD_c
80027134	caseD_d
80027134	caseD_e
80027134	caseD_f
80027228	switchD
80027230	caseD_0
80027230	caseD_1
80027230	caseD_3
80027254	caseD_10
80027254	caseD_12
80027254	caseD_15
80027254	caseD_18
80027254	caseD_f
80027264	caseD_11
80027264	caseD_13
80027264	caseD_14
80027264	caseD_16
80027264	caseD_17
80027264	caseD_2
80027264	caseD_4
80027264	caseD_5
80027264	caseD_6
80027264	caseD_7
80027264	caseD_8
80027264	caseD_9
80027264	caseD_a
80027264	caseD_b
80027264	caseD_c
80027264	caseD_d
80027264	caseD_e
80027768	DEAD_80027768
80027770	DEAD_80027770
800277a8	DEAD_800277a8
800277cc	DEAD_800277cc
80027a5c	DEAD_80027a5c
80027dc8	DEAD_80027dc8
80027fb4	DEAD_80027fb4
80027fbc	DEAD_80027fbc
8002803c	DEAD_8002803c
8002826c	DEAD_8002826c
80028368	DEAD_80028368
800283d4	DEAD_800283d4
80028438	DEAD_80028438
800285ec	DEAD_800285ec
80028658	DEAD_80028658
80028988	DEAD_80028988
80028c28	DEAD_80028c28
800290f4	DEAD_800290f4
80029688	DEAD_80029688
80029b30	DEAD_80029b30
80029fcc	DEAD_80029fcc
8002a630	DEAD_8002a630
8002a830	DEAD_8002a830
8002aabc	DEAD_8002aabc
8002afcc	DEAD_8002afcc
8002b908	switchD
8002b910	caseD_9
8002bae4	caseD_8
8002baf4	caseD_0
8002bb00	caseD_3
8002bb24	caseD_5
8002bb54	caseD_1
8002bb54	caseD_2
8002bb54	caseD_4
8002bb54	caseD_6
8002bb54	caseD_7
8002bb84	switchD
8002bb8c	caseD_4
8002bbc0	caseD_6
8002bc24	caseD_7
8002bc88	caseD_9
8002bcec	caseD_a
8002bd50	caseD_b
8002bdb4	caseD_c
8002be18	caseD_8
8002be9c	caseD_d
8002beb8	caseD_5
8002c7e4	DEAD_8002c7e4
8002ca48	DEAD_8002ca48
8002d3e4	DEAD_8002d3e4
8002d420	DEAD_8002d420
8002d564	DEAD_8002d564
8002d6ec	DEAD_8002d6ec
8002dfc4	DEAD_8002dfc4
8002e67c	DEAD_8002e67c
8002ed34	DEAD_8002ed34
8002f14c	DEAD_8002f14c
8002f82c	DEAD_8002f82c
8002faac	DEAD_8002faac
8002fb4c	DEAD_8002fb4c
8002fe5c	DEAD_8002fe5c
80030224	DEAD_80030224
80031394	DEAD_80031394
80031edc	DEAD_80031edc
80031f88	DEAD_80031f88
80032480	DEAD_80032480
80032b3c	DEAD_80032b3c
80033050	switchD
80033058	caseD_0
800330a4	caseD_5
800330d8	caseD_2
80033338	caseD_3
80033360	caseD_b
800333a4	caseD_4
80033414	caseD_1
80033414	caseD_6
80033414	caseD_7
80033414	caseD_8
80033414	caseD_9
80033414	caseD_a
800337d0	DEAD_800337d0
80033948	DEAD_80033948
80033ae4	DEAD_80033ae4
800359a0	DEAD_800359a0
80035b10	switchD
80035b18	caseD_4
80035b28	caseD_3
80035b38	caseD_0
80035b48	caseD_1
80035b60	caseD_2
80035b88	caseD_5
80036498	DEAD_80036498
80036b94	DEAD_80036b94
80036dd8	DEAD_80036dd8
80036f8c	DEAD_80036f8c
80037160	DEAD_80037160
80037780	DEAD_80037780
80037d40	DEAD_80037d40
800383d8	DEAD_800383d8
80038c38	DEAD_80038c38
8003911c	DEAD_8003911c
80039d80	DEAD_80039d80
8003a254	DEAD_8003a254
8003ab40	DEAD_8003ab40
8003b3cc	DEAD_8003b3cc
8003b8c4	DEAD_8003b8c4
8003bfc0	DEAD_8003bfc0
8003c530	DEAD_8003c530
8003cac8	DEAD_8003cac8
8003d58c	DEAD_8003d58c
8003ddb0	DEAD_8003ddb0
8003e1d8	DEAD_8003e1d8
8003e4f0	DEAD_8003e4f0
8003eb3c	DEAD_8003eb3c
8003f6fc	DEAD_8003f6fc
8003ff94	DEAD_8003ff94
800407e8	switchD
800407f0	caseD_2
80040a00	caseD_1
80040bdc	caseD_5
80040cac	caseD_7
80040d7c	caseD_8
80040e4c	caseD_e
80040f1c	caseD_9
80040fec	caseD_11
800410bc	caseD_10
8004118c	caseD_f
8004125c	caseD_4
8004132c	caseD_16
800413fc	caseD_6
8004156c	caseD_0
800416dc	caseD_d
800417b4	caseD_17
80041908	caseD_3
800419d8	caseD_c
80041ab0	caseD_13
80041c18	caseD_14
80041c98	caseD_15
80041e44	caseD_b
80041e54	caseD_a
80041e64	caseD_12
80041e6c	caseD_18
80042028	DEAD_80042028
800423bc	DEAD_800423bc
80042944	DEAD_80042944
80042998	DEAD_80042998
800439f0	switchD
800439f8	caseD_0
80043a08	caseD_1
80043a18	caseD_2
80043a20	caseD_3
80043a3c	caseD_4
80043a6c	caseD_5
80043b6c	caseD_6
80043b88	caseD_7
80043b90	caseD_8
80043e88	switchD
80043e90	caseD_1
80043f0c	caseD_0
80043f80	caseD_2
80043f90	caseD_3
80043fa8	caseD_4
80043fb8	caseD_5
80043fc8	caseD_6
80043fd8	caseD_7
80043fe8	caseD_8
8004405c	caseD_9
80044078	caseD_a
8004408c	caseD_b
8004408c	caseD_c
800440b0	DEAD_800440b0
80044240	DEAD_80044240
80044288	DEAD_80044288
800449b0	DEAD_800449b0
80044fa0	DEAD_80044fa0
80045ae4	switchD
80045aec	caseD_0
80045afc	caseD_1
80045b0c	caseD_2
80045b1c	caseD_3
80045b2c	caseD_4
80045b3c	caseD_5
8004655c	switchD
80046564	caseD_1
80046644	caseD_0
8004664c	caseD_2
8004665c	caseD_3
80046668	caseD_4
8004668c	caseD_5
8004669c	caseD_6
80046728	caseD_7
80046748	caseD_8
80046758	caseD_9
80046afc	DEAD_80046afc
80047a50	switchD
80047a58	caseD_0
80047a80	caseD_2
80047c2c	caseD_3
80047d60	caseD_4
80047d70	caseD_5
80047e54	caseD_6
80047e84	caseD_8
80047eb8	caseD_1
80047eb8	caseD_7
8004830c	switchD
80048314	caseD_1
80048324	caseD_2
80048324	caseD_3
80048354	caseD_4
80048354	caseD_5
80048390	caseD_6
80048390	caseD_7
80048400	caseD_8
8004844c	caseD_9
80048458	caseD_0
800487cc	DEAD_800487cc
80048908	DEAD_80048908
80048cd8	DEAD_80048cd8
80048de8	DEAD_80048de8
800491d8	DEAD_800491d8
800492b0	DEAD_800492b0
8004f508	DEAD_8004f508
8004fba0	DEAD_8004fba0
80050218	DEAD_80050218
8005038c	DEAD_8005038c
8005040c	DEAD_8005040c
800515f0	DEAD_800515f0
80051a40	DEAD_80051a40
80051a74	DEAD_80051a74
80051ecc	DEAD_80051ecc
80052348	switchD
80052350	caseD_3
80052450	caseD_2
8005249c	caseD_1
8005251c	caseD_4
8005259c	caseD_5
8005261c	caseD_5
800538b4	ISO9660_OBJ_60
800538cc	ISO9660_OBJ_78
800538d4	ISO9660_OBJ_80
800538ec	ISO9660_OBJ_98
80053900	ISO9660_OBJ_AC
80053928	ISO9660_OBJ_D4
80053960	ISO9660_OBJ_10C
80053994	ISO9660_OBJ_140
800539c4	ISO9660_OBJ_170
800539fc	ISO9660_OBJ_1A8
80053a28	ISO9660_OBJ_1D4
80053a3c	ISO9660_OBJ_1E8
80053a8c	ISO9660_OBJ_238
80053ac4	ISO9660_OBJ_270
80053adc	ISO9660_OBJ_288
80053b00	ISO9660_OBJ_2AC
80053bc0	ISO9660_OBJ_36C
80053c00	ISO9660_OBJ_3AC
80053c58	ISO9660_OBJ_404
80053c7c	ISO9660_OBJ_428
80053c9c	ISO9660_OBJ_448
80053d78	ISO9660_OBJ_524
80053d90	ISO9660_OBJ_53C
80053db8	ISO9660_OBJ_564
80053e44	ISO9660_OBJ_5F0
80053e7c	ISO9660_OBJ_628
80053e80	ISO9660_OBJ_62C
80053e90	ISO9660_OBJ_63C
80053f50	ISO9660_OBJ_6FC
80053f78	ISO9660_OBJ_724
80053f98	ISO9660_OBJ_744
80053ffc	ISO9660_OBJ_7A8
8005400c	ISO9660_OBJ_7B8
800540a0	ISO9660_OBJ_84C
800540d4	ISO9660_OBJ_880
800540fc	ISO9660_OBJ_8A8
80054124	ISO9660_OBJ_8D0
80054bb0	DEAD_80054bb0
80054d14	C_007_OBJ_70
80054d38	C_007_OBJ_94
80054d48	C_007_OBJ_A4
80055ccc	2D_BG32_OBJ_44
80055cfc	2D_BG32_OBJ_74
80055d14	2D_BG32_OBJ_8C
80055d6c	2D_BG32_OBJ_E4
80055d88	2D_BG32_OBJ_100
80055dd8	2D_BG32_OBJ_150
80055ecc	2D_LIN0_OBJ_C8
80055f2c	2D_COM1_OBJ_48
8005604c	2D_BOX0_OBJ_C8
800560d4	2D_PRIM_OBJ_70
800560f0	2D_PRIM_OBJ_8C
80056138	2D_PRIM_OBJ_D4
80056154	2D_PRIM_OBJ_F0
8005619c	2D_PRIM_OBJ_138
800561c0	2D_PRIM_OBJ_15C
80056200	2D_PRIM_OBJ_19C
800562c4	2D_SP0_OBJ_90
800562c8	2D_SP0_OBJ_94
800563d8	2D_SP0_OBJ_1A4
80056438	2D_SP0_OBJ_204
800564a0	2D_SP0_OBJ_26C
800565a8	2D_SP0_OBJ_374
800565e8	2D_SP0_OBJ_3B4
8005670c	2D_SP0_OBJ_4D8
800568a8	2D_SP1_OBJ_174
80056978	GS_001_OBJ_C4
80056a04	GS_001_OBJ_150
80056ae8	GS_001_OBJ_234
80056b00	GS_001_OBJ_24C
80056dc0	GS_001_OBJ_50C
80056e04	DEAD_80056e04
80057104	DEAD_80057104
80057130	XXXSetRotTransMatrix
8005715c	DEAD_8005715c
800571f0	DEAD_800571f0
80057220	DEAD_80057220
800573b0	DEAD_800573b0
80057420	DEAD_80057420
800574fc	DEAD_800574fc
80057700	GS_107_OBJ_EC
80057710	GS_107_OBJ_FC
80057730	GS_107_OBJ_11C
80057748	GS_107_OBJ_134
80057770	GS_107_OBJ_15C
80057788	GS_107_OBJ_174
800577b0	GS_107_OBJ_19C
800577c8	GS_107_OBJ_1B4
80057828	GS_107_OBJ_214
80057848	GS_107_OBJ_234
80057860	GS_107_OBJ_24C
80057888	GS_107_OBJ_274
800578a0	GS_107_OBJ_28C
800578c8	GS_107_OBJ_2B4
800578e0	GS_107_OBJ_2CC
80057944	GS_107_OBJ_330
80057964	GS_107_OBJ_350
8005797c	GS_107_OBJ_368
800579a4	GS_107_OBJ_390
800579bc	GS_107_OBJ_3A8
800579e4	GS_107_OBJ_3D0
800579fc	GS_107_OBJ_3E8
80057aac	GS_107_OBJ_498
80057ec8	switchD
80057ed0	caseD_0
80057ed0	caseD_20
80057ee8	caseD_1
80057ee8	caseD_21
80057f00	caseD_2
80057f00	caseD_22
80057f14	caseD_10
80057f14	caseD_11
80057f14	caseD_12
80057f14	caseD_13
80057f14	caseD_14
80057f14	caseD_15
80057f14	caseD_16
80057f14	caseD_17
80057f14	caseD_18
80057f14	caseD_19
80057f14	caseD_1a
80057f14	caseD_1b
80057f14	caseD_1c
80057f14	caseD_1d
80057f14	caseD_1e
80057f14	caseD_1f
80057f14	caseD_3
80057f14	caseD_4
80057f14	caseD_5
80057f14	caseD_6
80057f14	caseD_7
80057f14	caseD_8
80057f14	caseD_9
80057f14	caseD_a
80057f14	caseD_b
80057f14	caseD_c
80057f14	caseD_d
80057f14	caseD_e
80057f14	caseD_f
80058058	GS_131_OBJ_114
80058070	GS_131_OBJ_12C
800580c8	GS_131_OBJ_184
800580e0	GS_131_OBJ_19C
8005813c	GS_131_OBJ_1F8
80058154	GS_131_OBJ_210
8005817c	GS_131_OBJ_238
80058194	GS_131_OBJ_250
800581c4	GS_131_OBJ_280
800582a4	GS_131_OBJ_360
800582f0	GS_131_OBJ_3AC
800583a4	GS_131_OBJ_460
80058414	GS_131_OBJ_4D0
80058420	GS_131_OBJ_4DC
80058430	GS_131_OBJ_4EC
80058444	GS_131_OBJ_500
80058454	GS_131_OBJ_510
80058468	GS_131_OBJ_524
80058478	GS_131_OBJ_534
8005848c	GS_131_OBJ_548
8005849c	GS_131_OBJ_558
800584b0	GS_131_OBJ_56C
800584c0	GS_131_OBJ_57C
800584d0	GS_131_OBJ_58C
800584dc	GS_131_OBJ_598
80058580	GS_119_OBJ_9C
80058610	GS_133_OBJ_6C
800586a0	GS_133_OBJ_FC
800586fc	GS_133_OBJ_158
80058750	GS_133_OBJ_1AC
800587ac	GS_133_OBJ_208
800587b8	GS_133_OBJ_214
800587d4	GS_133_OBJ_230
80058844	GS_133_OBJ_2A0
800588d0	GS_134_OBJ_6C
80058960	GS_134_OBJ_FC
800589bc	GS_134_OBJ_158
80058a10	GS_134_OBJ_1AC
80058a6c	GS_134_OBJ_208
80058a78	GS_134_OBJ_214
80058a94	GS_134_OBJ_230
80058b04	GS_134_OBJ_2A0
80058b9c	OBJT_OBJ_68
80058bcc	OBJT_OBJ_98
80058bd8	OBJT_OBJ_A4
80058bdc	OBJT_OBJ_A8
80058bf8	switchD
80058c00	caseD_20
80058c0c	caseD_24
80058c0c	caseD_31
80058c14	caseD_30
80058c20	caseD_25
80058c20	caseD_34
80058c20	caseD_39
80058c28	caseD_28
80058c34	caseD_2c
80058c34	caseD_2d
80058c3c	OBJT_OBJ_108
80058c44	caseD_21
80058c44	caseD_29
80058c4c	caseD_3d
80058c54	caseD_38
80058c60	caseD_35
80058c60	caseD_3c
80058c68	caseD_22
80058c68	caseD_23
80058c68	caseD_26
80058c68	caseD_27
80058c68	caseD_2a
80058c68	caseD_2b
80058c68	caseD_2e
80058c68	caseD_2f
80058c68	caseD_32
80058c68	caseD_33
80058c68	caseD_36
80058c68	caseD_37
80058c68	caseD_3a
80058c68	caseD_3b
80058c88	OBJT_OBJ_154
80058da0	OBJT2_OBJ_DC
80058de4	OBJT2_OBJ_120
80058e04	OBJT2_OBJ_140
80058e08	OBJT2_OBJ_144
80058e68	OBJT2_OBJ_1A4
80058e94	switchD
80058e9c	caseD_20
80058ee0	OBJT2_OBJ_21C
80058f10	caseD_24
80058f54	caseD_30
80058fb8	OBJT2_OBJ_2F4
8005901c	caseD_34
80059080	caseD_28
800590c8	OBJT2_OBJ_404
8005912c	caseD_2c
80059170	caseD_38
800591dc	OBJT2_OBJ_518
8005921c	caseD_3c
80059284	caseD_21
800592b0	caseD_29
80059304	caseD_31
80059360	caseD_25
800593b0	caseD_35
80059404	caseD_39
80059454	caseD_2d
800594a8	caseD_3d
8005950c	caseD_22
8005950c	caseD_23
8005950c	caseD_26
8005950c	caseD_27
8005950c	caseD_2a
8005950c	caseD_2b
8005950c	caseD_2e
8005950c	caseD_2f
8005950c	caseD_32
8005950c	caseD_33
8005950c	caseD_36
8005950c	caseD_37
8005950c	caseD_3a
8005950c	caseD_3b
80059524	OBJT2_OBJ_860
8006a860	DAG3GF00_OBJ_4C
8006a9ec	DAG3GF00_OBJ_1D8
8006aa00	DAG3GF00_OBJ_1EC
8006aa60	DAG3GF01_OBJ_4C
8006abec	DAG3GF01_OBJ_1D8
8006ac00	DAG3GF01_OBJ_1EC
8006ac58	DAG3GF02_OBJ_44
8006ad60	DAG3GF02_OBJ_14C
8006ad70	DAG3GF02_OBJ_15C
8006f940	DAF3GF00_OBJ_4C
8006fae4	DAF3GF00_OBJ_1F0
8006faf8	DAF3GF00_OBJ_204
8006fb60	DAF3GF01_OBJ_4C
8006fd04	DAF3GF01_OBJ_1F0
8006fd18	DAF3GF01_OBJ_204
8006fd78	DAF3GF02_OBJ_44
8006fe94	DAF3GF02_OBJ_160
8006fea4	DAF3GF02_OBJ_170
8006ff00	DAF4GF00_OBJ_4C
80070120	DAF4GF00_OBJ_26C
80070134	DAF4GF00_OBJ_280
80070190	DAF4GF01_OBJ_4C
800703b0	DAF4GF01_OBJ_26C
800703c4	DAF4GF01_OBJ_280
80070418	DAF4GF02_OBJ_44
80070588	DAF4GF02_OBJ_1B4
80070598	DAF4GF02_OBJ_1C4
800705f0	DAG4GF00_OBJ_4C
800707f8	DAG4GF00_OBJ_254
8007080c	DAG4GF00_OBJ_268
80070870	DAG4GF01_OBJ_4C
80070a78	DAG4GF01_OBJ_254
80070a8c	DAG4GF01_OBJ_268
80070ae8	DAG4GF02_OBJ_44
80070c44	DAG4GF02_OBJ_1A0
80070c54	DAG4GF02_OBJ_1B0
80070e98	SSSATTR_OBJ_44
80070eb4	SSSATTR_OBJ_60
80070eb8	SSSATTR_OBJ_64
80070ee4	SSSATTR_OBJ_90
80070efc	SSSATTR_OBJ_A8
80070f80	SSSTART_OBJ_1C
80070fd8	SSSTART_OBJ_74
80070ff0	SSSTART_OBJ_8C
80070ff8	SSSTART_OBJ_94
8007100c	SSSTART_OBJ_A8
8007101c	SSSTART_OBJ_B8
80071068	SSSTART_OBJ_104
80071080	SSSTART_OBJ_11C
8007109c	SSSTART_OBJ_138
800710b4	SSSTART_OBJ_150
800710cc	SSSTART_OBJ_168
80071108	SSSTART_OBJ_1A4
80071158	SSSTART_OBJ_1F4
80071200	SSSTART_OBJ_29C
80071244	SSSTART_OBJ_2E0
8007128c	COUNTER_OBJ_18
800712bc	COUNTER_OBJ_48
800712cc	COUNTER_OBJ_58
800712f4	COUNTER_OBJ_80
80071310	DEAD_80071310
8007133c	COUNTER_OBJ_C8
80071348	DEAD_80071348
80071378	DEAD_80071378
800713d4	COUNTER_OBJ_160
8007144c	SSCALL_OBJ_68
80071490	SSCALL_OBJ_AC
800714e4	SSCALL_OBJ_100
8007150c	SSCALL_OBJ_128
80071534	SSCALL_OBJ_150
8007155c	SSCALL_OBJ_178
80071584	SSCALL_OBJ_1A0
800715ac	SSCALL_OBJ_1C8
800715e4	SSCALL_OBJ_200
80071604	SSCALL_OBJ_220
8007161c	SSCALL_OBJ_238
80071624	SSCALL_OBJ_240
80071e50	MIDIREAD_OBJ_7C
80071e68	MIDIREAD_OBJ_94
80071e70	MIDIREAD_OBJ_9C
80071e84	MIDIREAD_OBJ_B0
80071f70	MIDIREAD_OBJ_19C
80071f7c	MIDIREAD_OBJ_1A8
80071fcc	MIDIREAD_OBJ_1F8
80071fe0	MIDIREAD_OBJ_20C
8007209c	MIDIREAD_OBJ_2C8
800720dc	MIDIREAD_OBJ_308
800721d4	MIDIREAD_OBJ_400
800721d8	MIDIREAD_OBJ_404
80072214	MIDIREAD_OBJ_440
80072230	MIDIREAD_OBJ_45C
80072288	MIDIREAD_OBJ_4B4
800722b8	MIDIREAD_OBJ_4E4
800722e8	MIDIREAD_OBJ_514
80072308	MIDIREAD_OBJ_534
80072338	MIDIREAD_OBJ_564
80072368	MIDIREAD_OBJ_594
80072384	MIDIREAD_OBJ_5B0
800723dc	MIDIREAD_OBJ_608
800723fc	MIDIREAD_OBJ_628
8007241c	MIDIREAD_OBJ_648
80072444	MIDIREAD_OBJ_670
80072454	MIDIREAD_OBJ_680
80072478	MIDIREAD_OBJ_6A4
80072524	MIDITIME_OBJ_60
8007254c	MIDITIME_OBJ_88
80072560	MIDITIME_OBJ_9C
80072818	SSSTOP_OBJ_144
80072854	DEAD_80072854
8007287c	DEAD_8007287c
800728f0	SSSV_OBJ_3C
80072904	SSSV_OBJ_50
80072930	SSSV_OBJ_7C
80072960	SSSV_OBJ_AC
80072974	SSSV_OBJ_C0
800729a0	SSSV_OBJ_EC
80072a40	switchD
80072a48	caseD_4
80072a6c	caseD_1
80072a8c	caseD_3
80072a9c	caseD_2
80072aac	caseD_5
80072ac4	caseD_0
80072ae8	caseD_6
80072af4	caseD_7
80072b8c	TEMPO_OBJ_78
80072bac	TEMPO_OBJ_98
80072bc4	TEMPO_OBJ_B0
80072bf4	TEMPO_OBJ_E0
80072bfc	TEMPO_OBJ_E8
80072c20	TEMPO_OBJ_10C
80072c88	TEMPO_OBJ_174
80072ca0	TEMPO_OBJ_18C
80072cc4	TEMPO_OBJ_1B0
80072d28	TEMPO_OBJ_214
80073710	DEAD_80073710
80074258	DEAD_80074258
80074440	DEAD_80074440
8007562c	DEAD_8007562c
80075674	DEAD_80075674
800757c4	VM_VSU_OBJ_50
800757cc	VM_VSU_OBJ_58
80075904	DEAD_80075904
80075934	DEAD_80075934
8007604c	SPU_OBJ_88
80076074	SPU_OBJ_B0
80076094	SPU_OBJ_D0
800760fc	SPU_OBJ_138
80076174	SPU_OBJ_1B0
80076204	SPU_OBJ_240
8007628c	SPU_OBJ_2C8
80076298	SPU_OBJ_2D4
800762a8	SPU_OBJ_2E4
800762c4	SPU_OBJ_300
8007630c	SPU_OBJ_348
80076334	SPU_OBJ_370
8007636c	SPU_OBJ_3A8
800763a0	SPU_OBJ_3DC
800763c8	SPU_OBJ_404
80076420	SPU_OBJ_45C
80076454	SPU_OBJ_490
80076474	SPU_OBJ_4B0
800764a4	SPU_OBJ_4E0
800765b0	SPU_OBJ_5EC
800765c8	SPU_OBJ_604
800765f4	SPU_OBJ_630
8007661c	SPU_OBJ_658
80076638	SPU_OBJ_674
80076660	SPU_OBJ_69C
80076688	SPU_OBJ_6C4
800766a4	SPU_OBJ_6E0
800766c8	SPU_OBJ_704
800766e0	SPU_OBJ_71C
80076700	SPU_OBJ_73C
80076720	SPU_OBJ_75C
80076744	SPU_OBJ_780
800767c4	SPU_OBJ_800
80076848	SPU_OBJ_884
800768f0	SPU_OBJ_92C
80076944	SPU_OBJ_980
80076964	SPU_OBJ_9A0
80076994	SPU_OBJ_9D0
8007699c	SPU_OBJ_9D8
800769e8	SPU_OBJ_A24
80076a2c	SPU_OBJ_A68
80076ab0	SPU_OBJ_AEC
80076c6c	S_M_M_OBJ_38
80076ca8	S_M_M_OBJ_74
80076cdc	S_M_M_OBJ_A8
80076d18	S_M_M_OBJ_E4
80076d48	S_M_M_OBJ_114
80076d50	S_M_M_OBJ_11C
80076e30	S_M_M_OBJ_1FC
80076ea0	S_M_M_OBJ_26C
80076f3c	S_M_INT_OBJ_38
80076f70	S_M_INT_OBJ_6C
80076fc0	S_M_INT_OBJ_BC
80076fe0	S_M_INT_OBJ_DC
80077000	S_M_INT_OBJ_FC
80077014	S_M_INT_OBJ_110
80077024	S_M_INT_OBJ_120
80077050	S_M_INT_OBJ_14C
80077084	S_M_INT_OBJ_180
800770c8	S_M_INT_OBJ_1C4
800770d8	S_M_INT_OBJ_1D4
800770f0	S_M_INT_OBJ_1EC
8007711c	S_M_INT_OBJ_218
8007715c	S_M_INT_OBJ_258
800771ac	S_M_INT_OBJ_2A8
800771fc	S_M_INT_OBJ_2F8
800772e0	S_SAV_OBJ_2C
80077328	S_SAV_OBJ_74
80077338	S_SAV_OBJ_84
800773ac	S_SAV_OBJ_F8
800773f4	S_SAV_OBJ_140
80077470	S_SAV_OBJ_1BC
800774c8	S_SAV_OBJ_214
8007752c	S_SAV_OBJ_278
800777b4	SpuRead
800777dc	S_R_OBJ_28
80077800	S_R_OBJ_4C
8007785c	S_STSA_OBJ_48
800779f4	switchD
800779fc	caseD_1
80077a04	caseD_2
80077a0c	caseD_3
80077a14	caseD_4
80077a1c	caseD_5
80077a24	caseD_6
80077a2c	caseD_7
80077a34	caseD_0
80077ab4	switchD
80077abc	caseD_1
80077ac4	caseD_2
80077acc	caseD_3
80077ad4	caseD_4
80077adc	caseD_5
80077ae4	caseD_6
80077aec	caseD_7
80077af4	caseD_0
80077d5c	S_SVA_OBJ_38
80077d88	S_SVA_OBJ_64
80077da0	S_SVA_OBJ_7C
80077db0	S_SVA_OBJ_8C
80077dbc	S_SVA_OBJ_98
80077dcc	S_SVA_OBJ_A8
80077dfc	S_SVA_OBJ_D8
80077e0c	S_SVA_OBJ_E8
80077e28	S_SVA_OBJ_104
80077e58	switchD
80077e60	caseD_0
80077e68	caseD_1
80077e70	caseD_2
80077e78	caseD_3
80077e80	caseD_4
80077e88	caseD_5
80077e90	caseD_6
80077e94	caseD_7
80077eb8	S_SVA_OBJ_194
80077edc	S_SVA_OBJ_1B8
80077eec	S_SVA_OBJ_1C8
80077f08	S_SVA_OBJ_1E4
80077f38	switchD
80077f40	caseD_0
80077f48	caseD_1
80077f50	caseD_2
80077f58	caseD_3
80077f60	caseD_4
80077f68	caseD_5
80077f70	caseD_6
80077f74	caseD_7
80077f98	S_SVA_OBJ_274
80077fbc	S_SVA_OBJ_298
80077fcc	S_SVA_OBJ_2A8
80077fd8	S_SVA_OBJ_2B4
80077fec	S_SVA_OBJ_2C8
80077ff8	S_SVA_OBJ_2D4
80078010	S_SVA_OBJ_2EC
80078024	S_SVA_OBJ_300
8007803c	S_SVA_OBJ_318
80078050	S_SVA_OBJ_32C
80078060	S_SVA_OBJ_33C
80078078	S_SVA_OBJ_354
8007808c	S_SVA_OBJ_368
800780a0	S_SVA_OBJ_37C
800780cc	S_SVA_OBJ_3A8
800780dc	S_SVA_OBJ_3B8
800780f4	S_SVA_OBJ_3D0
80078118	S_SVA_OBJ_3F4
80078128	S_SVA_OBJ_404
80078140	S_SVA_OBJ_41C
80078154	S_SVA_OBJ_430
8007817c	S_SVA_OBJ_458
80078190	S_SVA_OBJ_46C
80078198	S_SVA_OBJ_474
800781a0	S_SVA_OBJ_47C
800781d0	S_SVA_OBJ_4AC
800781e0	S_SVA_OBJ_4BC
800781f8	S_SVA_OBJ_4D4
8007820c	S_SVA_OBJ_4E8
80078228	S_SVA_OBJ_504
8007824c	S_SVA_OBJ_528
8007825c	S_SVA_OBJ_538
80078274	S_SVA_OBJ_550
80078298	S_SVA_OBJ_574
800782b8	S_SVA_OBJ_594
8007874c	SPRINTF_OBJ_68
800787ac	SPRINTF_OBJ_C8
800787c8	SPRINTF_OBJ_E4
800787d8	SPRINTF_OBJ_F4
800787f4	SPRINTF_OBJ_110
80078810	SPRINTF_OBJ_12C
80078848	SPRINTF_OBJ_164
8007885c	SPRINTF_OBJ_178
80078898	SPRINTF_OBJ_1B4
800788f8	SPRINTF_OBJ_214
80078934	SPRINTF_OBJ_250
80078960	SPRINTF_OBJ_27C
80078980	SPRINTF_OBJ_29C
800789a0	switchD
800789a8	caseD_68
800789b4	caseD_6c
800789c0	caseD_4c
800789ec	caseD_64
800789ec	caseD_69
80078a1c	SPRINTF_OBJ_338
80078a30	SPRINTF_OBJ_34C
80078a44	caseD_75
80078a74	SPRINTF_OBJ_390
80078ab8	SPRINTF_OBJ_3D4
80078acc	SPRINTF_OBJ_3E8
80078adc	SPRINTF_OBJ_3F8
80078b10	SPRINTF_OBJ_42C
80078b28	SPRINTF_OBJ_444
80078b44	SPRINTF_OBJ_460
80078b64	caseD_6f
80078b94	SPRINTF_OBJ_4B0
80078bb8	SPRINTF_OBJ_4D4
80078bcc	SPRINTF_OBJ_4E8
80078bd4	SPRINTF_OBJ_4F0
80078bf0	SPRINTF_OBJ_50C
80078c2c	SPRINTF_OBJ_548
80078c44	SPRINTF_OBJ_560
80078c64	caseD_70
80078c78	caseD_58
80078c84	caseD_78
80078cbc	SPRINTF_OBJ_5D8
80078cec	SPRINTF_OBJ_608
80078d00	SPRINTF_OBJ_61C
80078d08	SPRINTF_OBJ_624
80078d28	SPRINTF_OBJ_644
80078d40	SPRINTF_OBJ_65C
80078d5c	SPRINTF_OBJ_678
80078d8c	caseD_63
80078dac	caseD_73
80078dfc	SPRINTF_OBJ_718
80078e18	SPRINTF_OBJ_734
80078e38	caseD_6e
80078e64	SPRINTF_OBJ_780
80078e6c	caseD_4d
80078e6c	caseD_4e
80078e6c	caseD_4f
80078e6c	caseD_50
80078e6c	caseD_51
80078e6c	caseD_52
80078e6c	caseD_53
80078e6c	caseD_54
80078e6c	caseD_55
80078e6c	caseD_56
80078e6c	caseD_57
80078e6c	caseD_59
80078e6c	caseD_5a
80078e6c	caseD_5b
80078e6c	caseD_5c
80078e6c	caseD_5d
80078e6c	caseD_5e
80078e6c	caseD_5f
80078e6c	caseD_60
80078e6c	caseD_61
80078e6c	caseD_62
80078e6c	caseD_65
80078e6c	caseD_66
80078e6c	caseD_67
80078e6c	caseD_6a
80078e6c	caseD_6b
80078e6c	caseD_6d
80078e6c	caseD_71
80078e6c	caseD_72
80078e6c	caseD_74
80078e6c	caseD_76
80078e6c	caseD_77
80078e78	SPRINTF_OBJ_794
80078eac	SPRINTF_OBJ_7C8
80078ed4	SPRINTF_OBJ_7F0
80078ed8	SPRINTF_OBJ_7F4
80078ef4	SPRINTF_OBJ_810
80078f30	SPRINTF_OBJ_84C
80078f9c	MEMMOVE_OBJ_18
80078fc0	MEMMOVE_OBJ_3C
80078fc8	MEMMOVE_OBJ_44
80078fe4	MEMMOVE_OBJ_60
8007923c	MSC01_OBJ_48
80079248	MSC01_OBJ_54
80079270	MSC01_OBJ_7C
800792d4	MSC02_OBJ_50
800792e0	MSC02_OBJ_5C
80079308	MSC02_OBJ_84
80079360	MSC02_OBJ_DC
800793e4	MSC02_OBJ_160
800793f0	MSC02_OBJ_16C
80079698	MTX_004_OBJ_54
800796a0	MTX_004_OBJ_5C
800796c0	MTX_004_OBJ_7C
800796c8	MTX_004_OBJ_84
800796e8	MTX_004_OBJ_A4
800796f0	MTX_004_OBJ_AC
8007973c	MTX_004_OBJ_F8
80079740	MTX_004_OBJ_FC
80079758	MTX_004_OBJ_114
8007975c	MTX_004_OBJ_118
80079774	MTX_004_OBJ_130
80079778	MTX_004_OBJ_134
80079920	MTX_01_OBJ_2C
80079928	MTX_01_OBJ_34
80079948	MTX_01_OBJ_54
80079950	MTX_01_OBJ_5C
80079970	MTX_01_OBJ_7C
80079978	MTX_01_OBJ_84
800799c4	MTX_01_OBJ_D0
800799c8	MTX_01_OBJ_D4
800799e0	MTX_01_OBJ_EC
800799e4	MTX_01_OBJ_F0
800799fc	MTX_01_OBJ_108
80079a00	MTX_01_OBJ_10C
80079f24	DEAD_80079f24
80079f34	DEAD_80079f34
80079f44	DEAD_80079f44
80079f54	DEAD_80079f54
8007a6f0	DEAD_8007a6f0
8007a830	DEAD_8007a830
8007a870	F3_2_OBJ_40
8007a958	F3_2_OBJ_128
8007a964	F3_2_OBJ_134
8007a970	DEAD_8007a970
8007aab8	DEAD_8007aab8
8007ac00	DEAD_8007ac00
8007ad6c	DEAD_8007ad6c
8007aed8	DEAD_8007aed8
8007b050	DEAD_8007b050
8007b07c	F4_4_OBJ_2C
8007b1b0	F4_4_OBJ_160
8007b1bc	F4_4_OBJ_16C
8007b1c8	DEAD_8007b1c8
8007b31c	DEAD_8007b31c
8007b358	G3_2_OBJ_3C
8007b444	G3_2_OBJ_128
8007b450	G3_2_OBJ_134
8007b45c	DEAD_8007b45c
8007b474	G3_3_OBJ_18
8007b480	G3_3_OBJ_24
8007b5d0	G3_3_OBJ_174
8007b5e0	G3_3_OBJ_184
8007b5ec	DEAD_8007b5ec
8007b604	G3_4_OBJ_18
8007b610	G3_4_OBJ_24
8007b760	G3_4_OBJ_174
8007b770	G3_4_OBJ_184
8007b77c	DEAD_8007b77c
8007b7c0	G4_1_OBJ_3C
8007b8ec	G4_1_OBJ_168
8007b8f8	G4_1_OBJ_174
8007b904	DEAD_8007b904
8007ba78	DEAD_8007ba78
8007ba90	G4_3_OBJ_18
8007ba9c	G4_3_OBJ_24
8007bc3c	G4_3_OBJ_1C4
8007bc4c	G4_3_OBJ_1D4
8007bc58	DEAD_8007bc58
8007bc70	G4_4_OBJ_18
8007bc7c	G4_4_OBJ_24
8007be1c	G4_4_OBJ_1C4
8007be2c	G4_4_OBJ_1D4
8007be38	DEAD_8007be38
8007bfb0	DEAD_8007bfb0
8007c114	DEAD_8007c114
8007c140	FT3_3_OBJ_2C
8007c26c	FT3_3_OBJ_158
8007c278	FT3_3_OBJ_164
8007c284	DEAD_8007c284
8007c2b0	FT3_4_OBJ_2C
8007c3dc	FT3_4_OBJ_158
8007c3e8	FT3_4_OBJ_164
8007c3f4	DEAD_8007c3f4
8007c430	FT4_1_OBJ_3C
8007c57c	FT4_1_OBJ_188
8007c588	FT4_1_OBJ_194
8007c594	DEAD_8007c594
8007c730	DEAD_8007c730
8007c8dc	DEAD_8007c8dc
8007c908	FT4_4_OBJ_2C
8007ca70	FT4_4_OBJ_194
8007ca7c	FT4_4_OBJ_1A0
8007ca88	DEAD_8007ca88
8007cc0c	DEAD_8007cc0c
8007cd68	DEAD_8007cd68
8007cf1c	DEAD_8007cf1c
8007d0d0	DEAD_8007d0d0
8007d290	DEAD_8007d290
8007d428	DEAD_8007d428
8007d634	DEAD_8007d634
8007d64c	GT4_4_OBJ_18
8007d658	GT4_4_OBJ_24
8007d824	GT4_4_OBJ_1F0
8007d834	GT4_4_OBJ_200
8007ddf8	DEAD_8007ddf8
8007dee0	INTR_OBJ_20C
8007df30	INTR_OBJ_25C
8007df98	INTR_OBJ_2C4
8007dfd4	INTR_OBJ_300
8007dfe0	INTR_OBJ_30C
8007e01c	INTR_OBJ_348
8007e030	INTR_OBJ_35C
8007e060	INTR_OBJ_38C
8007e0dc	INTR_OBJ_408
8007e1a0	INTR_OBJ_4CC
8007e1e4	INTR_OBJ_510
8007e1fc	INTR_OBJ_528
8007e214	INTR_OBJ_540
8007e224	INTR_OBJ_550
8007e234	INTR_OBJ_560
8007e238	INTR_OBJ_564
8007e2e8	INTR_OBJ_614
8007e35c	INTR_OBJ_688
8007e37c	INTR_OBJ_6A8
8007e38c	INTR_OBJ_6B8
8007e5b4	INTR_DMA_OBJ_A0
8007e5c0	INTR_DMA_OBJ_AC
8007e608	INTR_DMA_OBJ_F4
8007e618	INTR_DMA_OBJ_104
8007e63c	INTR_DMA_OBJ_128
8007e674	INTR_DMA_OBJ_160
8007e688	INTR_DMA_OBJ_174
8007e6bc	INTR_DMA_OBJ_1A8
8007e748	INTR_DMA_OBJ_234
8007e798	INTR_DMA_OBJ_284
8007e7a8	INTR_DMA_OBJ_294
8007f038	switchD
8007f040	caseD_64
8007f0c0	caseD_58
8007f0c0	caseD_78
8007f138	caseD_63
8007f158	caseD_73
8007f178	caseD_59
8007f178	caseD_5a
8007f178	caseD_5b
8007f178	caseD_5c
8007f178	caseD_5d
8007f178	caseD_5e
8007f178	caseD_5f
8007f178	caseD_60
8007f178	caseD_61
8007f178	caseD_62
8007f178	caseD_65
8007f178	caseD_66
8007f178	caseD_67
8007f178	caseD_68
8007f178	caseD_69
8007f178	caseD_6a
8007f178	caseD_6b
8007f178	caseD_6c
8007f178	caseD_6d
8007f178	caseD_6e
8007f178	caseD_6f
8007f178	caseD_70
8007f178	caseD_71
8007f178	caseD_72
8007f178	caseD_74
8007f178	caseD_75
8007f178	caseD_76
8007f178	caseD_77
8007f34c	DEAD_8007f34c
80080138	switchD
80080140	caseD_64
800801d8	caseD_58
800801d8	caseD_78
80080278	caseD_63
800802c4	caseD_73
800802e4	caseD_59
800802e4	caseD_5a
800802e4	caseD_5b
800802e4	caseD_5c
800802e4	caseD_5d
800802e4	caseD_5e
800802e4	caseD_5f
800802e4	caseD_60
800802e4	caseD_61
800802e4	caseD_62
800802e4	caseD_65
800802e4	caseD_66
800802e4	caseD_67
800802e4	caseD_68
800802e4	caseD_69
800802e4	caseD_6a
800802e4	caseD_6b
800802e4	caseD_6c
800802e4	caseD_6d
800802e4	caseD_6e
800802e4	caseD_6f
800802e4	caseD_70
800802e4	caseD_71
800802e4	caseD_72
800802e4	caseD_74
800802e4	caseD_75
800802e4	caseD_76
800802e4	caseD_77
80080418	DEAD_80080418
80080478	DEAD_80080478
800804b8	DEAD_800804b8
800804d4	DEAD_800804d4
8008052c	DEAD_8008052c
80080568	DEAD_80080568
800805f4	DEAD_800805f4
80080608	DEAD_80080608
8008061c	DEAD_8008061c
80080630	DEAD_80080630
8008066c	DEAD_8008066c
800806a8	DEAD_800806a8
800806bc	DEAD_800806bc
800806d0	DEAD_800806d0
800806e4	DEAD_800806e4
800806f8	DEAD_800806f8
80080720	DEAD_80080720
80080734	DEAD_80080734
80080748	DEAD_80080748
80080768	DEAD_80080768
80080788	DEAD_80080788
800807a8	DEAD_800807a8
800807c8	DEAD_800807c8
80080854	DEAD_80080854
800808c0	DEAD_800808c0
800808f8	DEAD_800808f8
800809fc	DEAD_800809fc
80080c18	DEAD_80080c18
80080c74	DEAD_80080c74
80080d18	DEAD_80080d18
80080d28	DEAD_80080d28
80081034	DEAD_80081034
80081244	DEAD_80081244
80081544	DEAD_80081544
80081ab8	DEAD_80081ab8
80081ae8	DEAD_80081ae8
80081b20	DEAD_80081b20
80081ba0	DEAD_80081ba0
80081be0	DEAD_80081be0
80081c08	DEAD_80081c08
8008375c	DEAD_8008375c
80083a00	DEAD_80083a00
80083af4	switchD
80083afc	caseD_81
80083bb4	caseD_82
80083c30	caseD_83
80083cb0	caseD_84
80083d2c	caseD_85
80083ddc	caseD_86
80083eac	caseD_87
80083f10	caseD_7
80084148	DEAD_80084148
800841d4	DEAD_800841d4
8008426c	DEAD_8008426c
80084314	DEAD_80084314
80084350	DEAD_80084350
80084be4	BUILD_OBJ_20
80084c0c	BUILD_OBJ_48
80084c2c	BUILD_OBJ_68
80084c34	BUILD_OBJ_70
80084c54	BUILD_OBJ_90
80084c80	BUILD_OBJ_BC
80084d90	DEAD_80084d90
80085084	switchD
8008508c	caseD_0
800850bc	caseD_a
8008510c	caseD_15
8008512c	caseD_1e
80085158	caseD_1f
80085230	caseD_1
80085230	caseD_10
80085230	caseD_11
80085230	caseD_12
80085230	caseD_13
80085230	caseD_14
80085230	caseD_16
80085230	caseD_17
80085230	caseD_18
80085230	caseD_19
80085230	caseD_1a
80085230	caseD_1b
80085230	caseD_1c
80085230	caseD_1d
80085230	caseD_2
80085230	caseD_3
80085230	caseD_4
80085230	caseD_5
80085230	caseD_6
80085230	caseD_7
80085230	caseD_8
80085230	caseD_9
80085230	caseD_b
80085230	caseD_c
80085230	caseD_d
80085230	caseD_e
80085230	caseD_f
80085248	DEAD_80085248
800853c8	DEAD_800853c8
8008540c	DEAD_8008540c
800855fc	DEAD_800855fc
80085928	switchD
80085930	caseD_0
80085950	caseD_a
80085990	caseD_b
800859c0	caseD_14
800859f4	caseD_1e
80085a74	caseD_1
80085a74	caseD_10
80085a74	caseD_11
80085a74	caseD_12
80085a74	caseD_13
80085a74	caseD_15
80085a74	caseD_16
80085a74	caseD_17
80085a74	caseD_18
80085a74	caseD_19
80085a74	caseD_1a
80085a74	caseD_1b
80085a74	caseD_1c
80085a74	caseD_1d
80085a74	caseD_2
80085a74	caseD_3
80085a74	caseD_4
80085a74	caseD_5
80085a74	caseD_6
80085a74	caseD_7
80085a74	caseD_8
80085a74	caseD_9
80085a74	caseD_c
80085a74	caseD_d
80085a74	caseD_e
80085a74	caseD_f
80085bc8	switchD
80085bd0	caseD_0
80085bf0	caseD_a
80085c30	caseD_b
80085c60	caseD_14
80085c94	caseD_1e
80085d14	caseD_1
80085d14	caseD_10
80085d14	caseD_11
80085d14	caseD_12
80085d14	caseD_13
80085d14	caseD_15
80085d14	caseD_16
80085d14	caseD_17
80085d14	caseD_18
80085d14	caseD_19
80085d14	caseD_1a
80085d14	caseD_1b
80085d14	caseD_1c
80085d14	caseD_1d
80085d14	caseD_2
80085d14	caseD_3
80085d14	caseD_4
80085d14	caseD_5
80085d14	caseD_6
80085d14	caseD_7
80085d14	caseD_8
80085d14	caseD_9
80085d14	caseD_c
80085d14	caseD_d
80085d14	caseD_e
80085d14	caseD_f
80085d2c	DEAD_80085d2c
80086500	DEAD_80086500
80086fb0	DEAD_80086fb0
80087040	DEAD_80087040
800870d0	DEAD_800870d0
80087100	DEAD_80087100
8008778c	DEAD_8008778c
800877f4	DEAD_800877f4
80087a04	DEAD_80087a04
80087a7c	switchD
80087a84	caseD_1
80087a90	caseD_2
80087a9c	caseD_3
80087aa8	caseD_4
80087ab4	caseD_5
80087ac0	caseD_5
80087ad8	DEAD_80087ad8
80087bb8	DEAD_80087bb8
8008b0ac	DEAD_8008b0ac
8008b188	DEAD_8008b188
8008b1c0	DEAD_8008b1c0
8008b384	UnitVector2
8008b384	__data_obj
8008b394	RefrectVector
8008b3b4	RefrectMove
8008b3f4	direction
8008b404	cmdUU
8008b40c	cmdDD
8008b414	cmdLL
8008b41c	cmdRR
8008b424	cmdSUU
8008b430	cmdSDD
8008b43c	cmdSLL
8008b448	cmdSRR
8008b454	cmdAUU
8008b45c	cmdAUD
8008b468	cmdJDU
8008b474	Command
8008b4a4	HermiteTable
8008b5ac	ActionFunc
8008b5f4	damagemotion
8008b604	searchsight
8008b61c	MOTcommon
8008b764	MOTnone
8008b774	MOTrikimaru
8008b954	MOTayame
8008bb54	MOTkikuhime
8008bb94	MOTtono
8008bbcc	MOTrikimaru2
8008bc1c	MOTayame2
8008bc64	MOTrouninK
8008bd4c	MOTrouninS
8008be14	MOTrouninB
8008bec4	MOTninjaH
8008bf94	MOTninjaK
8008c064	MOTkunoiti
8008c15c	MOTmouryou
8008c20c	MOTmanjiK
8008c2dc	MOTmanjiS
8008c3b4	MOTmanjiB
8008c464	MOTkaizokuS
8008c52c	MOTkaizokuG
8008c5d4	MOTkaizokuC
8008c6b4	MOTtenguN
8008c794	MOTechigoya
8008c814	MOThanbei
8008c8b4	MOTgoo
8008c96c	MOTcaptain
8008ca34	MOTbear
8008caec	MOTonikage
8008cbec	MOTonikage2
8008cccc	MOTmeiou
8008cda4	MOTchonin
8008ce0c	MOTjochu
8008ce7c	MOTzainin
8008cee4	MOTcat
8008cf4c	MOTdog
8008cfc4	MOTobject
8008cfe4	HumanData
8008d5cc	BattleDB
8008daac	WeaponModel
8008dc98	WeaponDB
8008df38	Think1Func
8008df60	Think2Func
8008df74	Think3Func
8008df9c	Think4Func
8008dfb4	ThinkDB
8008e054	AttackFunc
8008e064	CamState
8008e088	CamPosCriticalHit
8008e0b8	ref
8008e0c4	pnt
8008e0d0	pat
8008e0e0	ModelSlot
8008e0ec	HensinT
8008e100	save
8008e1b8	stage0appearance
8008e1c0	stage1appearance
8008e1e0	stage2appearance
8008e1f8	stage3appearance
8008e210	stage4appearance
8008e220	stage5appearance
8008e230	stage6appearance
8008e240	stage7appearance
8008e24c	stage8appearance
8008e264	stage9appearance
8008e274	StageAppearance
8008e29c	LifeBarStyle
8008e31c	ForbiddenCommand
8008e33c	DoorData
8008e3c0	PitfallData
8008e3d8	SpriteData
8008e3e8	StageChar
8008e4e4	zSyuriken
8008e544	zSyurikenBuf
8008e58c	gSelectChk
8008e5bc	Name
8008e5d8	MemCardErr
8008e624	MemCardErrSt
8008e670	CdaStatus
8008e684	tblMojiAdd
8008e6c8	MojiColData
80097da8	__sdata_org
80097da8	virtual_memory_pool
80097dac	DrawingPage
80097db0	UnitVector
80097db8	GameClock
80097dbc	SkipFrame
80097dc0	time
80097dc4	voice
80097dc8	ReadMode
80097dcc	TotalIO
80097dd0	MemoryLoadAddress
80097dd8	ImagePath
80097ddc	AccessPower
80097df0	GlobalAreaMap
80097df4	ConflictObjects
80097df8	align
80097e00	MotionPack
80097e04	CommonMotion
80097e08	PlayerMotion
80097e0c	StageMotion
80097e10	st
80097e14	MotionUpdateMode
80097e18	Humans
80098064	NowStage
80098066	smode
80098068	sstage
8009806c	ActionHalt
80098070	AttackActionCount
80098074	EmergencyNotice
80098078	WeakHumanID
8009807a	AidHumanID
8009807c	AidHumanType
80098080	StrainRatio
80098084	EngageLevel
80098088	Me
8009808c	Distance
80098090	Degree
80098092	SR
80098094	Pad
80098098	Attrib
8009809c	atkd
800980a4	atkd
800980ac	CamShock
800980b0	Projection
800980b4	CamZ
800980b8	CamY
800980bc	CamRZ
800980c0	CamRY
80098384	StagePlayer
80098388	StageTime
8009838c	StageEvent
80098390	Criticals
80098392	Findenemies
80098394	Murders
80098396	FriendHits
80098398	StageEnemies
8009839a	StageCitizens
80098480	h1
80098482	h2
80098484	h3
80098486	h4
80098488	Me
8009848c	dtCMD
8009848e	dtPAD
80098490	dtL
80098494	dtR
80098498	dtV
8009849c	dtM
800984a0	motID
80098520	SystemFlag
80098524	fload
80098528	human
80098530	SpriteSnow
80098538	gmode1
8009853c	gmode2
80098540	FieldAttrib
80098542	cMovie
80098548	ConflictDistance
80098550	camera
80098552	gMojiu
80098553	gMojiv
80098554	gMojix
80098558	gMojiy
8009855c	gColNo1
80098560	gColNo2
80098564	KanjiID
80098568	StageID
8009856c	debugCD
80098570	imgbuf0
80098574	imgbuf1
80098578	fidewk1
8009857c	vlcbuf0
80098580	vlcbuf1
80098584	bg
80098588	fFormat
8009858c	gYuragi
80098590	gMcount
80098594	gColorx
80098598	gArcData
8009859c	OTablePt
800985a0	gMojiwk1
800985a4	gYuragi2
800985a8	gColorNo
800985ac	gMusicNo
800985b0	gKeyDown
800985b4	ConflictModel
800985b8	gTenchiu
800985cc	sprSmoke
800985d0	FieldArea
800985d4	gCharaSel
800985d8	Ring_Buff
800985dc	gwk1
800985e0	gwk2
800985e4	gwk3
800985e8	gwk4
800985ec	gwk5
800985f0	gwk6
800985f4	gwk7
800985f8	gSelStage
800985fc	gKeyDownConfig
800985fe	__sbss_orgend
80098600	gSelectNo
80098604	gMojiEffe1
80098608	gMojiEffe2
8009860c	gMojiEffe4
80098610	attri_han
80098614	gStageMaxA
80098615	gStageMaxR
80098618	FieldIndex
8009861c	ErrNo
80098620	__bss_org
80098620	vector
80098630	systemAFS
80098650	AccessImage
80098688	cv
80098698	ComBuf
800986e0	map
800986f0	target
80098710	dmy
80098760	sprBlood
80098790	sprBloodStay
800987c0	sprSplash
800987f0	sprImpact
80098800	sprFrame
80098890	sprBomb
800988a0	plyBleed
800988c0	PadMark
800988f0	lg_tri
80098910	enemy
80099900	SpriteGoshikimai
80099930	items
8009a380	TargetSprite
8009a3a8	CursorImage
8009a3d8	NumberImage
8009a408	KehaiGreenImage
8009a438	KehaiYellowImage
8009a468	KehaiRedImage
8009a498	MapImage
8009a4c8	LifeBar
8009a518	DemoBackupArea
8009a558	misc
8009c178	Images
8009c728	TelopP
8009c758	TelopbgP
8009c770	dec
8009c7a8	MemoryPool
801b3eb8	FileHandlePool
801b4000	World
801b4074	_svm_onos1
801b4076	_svm_onos2
801b4078	HumanGroup
801b40f8	GsBACKC
801b40fc	Stframe_no
801b4100	PSDOFSX
801b4108	SsFCALL
801b419c	PSDOFSY
801b41a0	GsLIOFF
801b41a4	GsLMODE
801b41a8	_svm_voice
801b46b8	OTable
801b46e0	_padFuncPtr2Port
801b46e4	GsLIGNR
801b46e8	gspOp1
801b4710	gspOp2
801b4734	GsTRATE
801b4738	gspOp3
801b4760	gspOp4
801b4788	gspOp5
801b47b0	gspOp6
801b47d8	gspOp7
801b4800	gspOp8
801b4828	gspOp9
801b4850	_svm_rattr
801b4864	Stsector_offset
801b4868	StRgb24
801b486c	StMode
801b4870	_padFuncSendAuto
801b4878	txyuv
801b5880	GsFCALL4
801b59b0	Packet
801d59b0	_svm_sreg_dirty
801d59c8	PSDBASEX
801d59cc	PSDBASEY
801d59d0	gspOp10
801d59f8	Lights
801d5a28	gspOp11
801d5a4c	_padFuncNextPort
801d5a50	POSITION
801d5a54	GsOUT_PACKET_P
801d5a58	GsMATE_C
801d5a5c	StFunc1
801d5a60	StFunc2
801d5a68	_svm_vab_pg
801d5aa8	GsWSMATRIX_ORG
801d5ac8	GsDISPON
801d5acc	StCdIntrFlag
801d5ad0	_padFuncPort2Info
801d5ad8	_svm_vab_vh
801d5b18	_svm_damper
801d5b20	_svm_vab_tn
801d5b60	_padFuncGetGunPos
801d5b68	_spu_RQ
801d5b80	GsLIGHTWSMATRIX
801d5ba0	PadPort
801d5c00	StCHANNEL
801d5c04	_padFuncCurrLimit
801d5c08	StStartFrame
801d5c10	gSelect
801d5c50	_svm_stereo_mono
801d5c58	GsDRAWENV
801d5cb8	GsDISPENV
801d5ccc	_snd_ev_flag
801d5cd0	kMaxPrograms
801d5cd2	GsORGOFSX
801d5cd4	GsORGOFSY
801d5cd8	_LC
801d5cf8	_svm_pg
801d5cfc	_svm_vg
801d5d00	_svm_vh
801d5d08	CVAhuman
801d5d40	Fog
801d5d4c	VWD0
801d5d50	GsIDMATRIX
801d5d70	_padFuncSetGunPort
801d5d78	WorldMap
801d6578	StFinalSector
801d6580	ViewInfo
801d65a0	img
801d65c0	GsWSMATRIX
801d65e0	GsCLIP3far
801d65e8	GsIDMATRIX2
801d6930	ConflictObject
801eb560	ZSortTable
801ef560	EffectSlot
